"CelebrityID1","CelebrityID2","CelebrityID3","CelebrityID4","CelebrityID5","CelebrityID6","CelebrityID7","CelebrityID8","CelebrityID9","CelebrityID10","CelebrityID11","CelebrityID12","CelebrityID13","CelebrityID14","CelebrityID15","CelebrityID16","CelebrityID17","CelebrityID18","CelebrityID19","CelebrityID20","Did.You.Recognize1","Did.You.Recognize2","Did.You.Recognize3","Did.You.Recognize4","Did.You.Recognize5","Did.You.Recognize6","Did.You.Recognize7","Did.You.Recognize8","Did.You.Recognize9","Did.You.Recognize10","Did.You.Recognize11","Did.You.Recognize12","Did.You.Recognize13","Did.You.Recognize14","Did.You.Recognize15","Did.You.Recognize16","Did.You.Recognize17","Did.You.Recognize18","Did.You.Recognize19","Did.You.Recognize20"
"52711","215642","1700594","26941","43113","15326144","3253211","170459","157437","2278804","827267","68378","352699","523032","379216","15135713","50908","54539","28753159","1476899","2","1","2","2","4","2","2","2","2","2","4","2","4","2","2","2","2","2","1","3"
"415045","44735","396803","1439517","596566","538605","8490390","10049","760163","26546076","30410","62809","54174","14995351","70938","18598186","20455","222417","17130","426208","2","2","1","2","2","1","4","2","2","2","2","3","2","2","2","2","2","1","4","2"
"1491798","8716","21162104","55014","4429395","530567","345802","154183","11955","73626","11509807","2790066","864","3270177","15766","12810","2323727","22048328","1172821","856871","2","2","2","2","2","2","2","2","2","2","2","2","2","2","2","2","2","2","2","2"
"14995351","6967012","20865738","1690486","11061022","1221476","192892","37275","70938","162617","303960","20913302","4484462","6479315","15916","4670","19903","599745","2289856","16705483","3","2","2","2","2","2","2","2","2","2","2","2","2","2","2","2","2","2","2","2"
"14995351","534366","29455","50960","2095762","64965","6967012","47643","192481","8786","345090","217702","182023","149243","79505","1246843","2130104","17782843","518700","82061","2","2","2","1","2","2","4","1","2","2","1","4","1","2","1","1","4","2","4","1"
"623737","44463","827652","210359","31460","42621","481634","168576","342753","8300","21194159","231156","24518","1806","1233754","2847","5132","235312","147995","353535","2","2","3","4","1","2","2","2","2","2","2","2","2","2","2","2","2","2","2","2"
"71870","335017","1031515","342753","8135890","1783180","23680998","33422","1017","7819615","1003976","2844938","336822","166959","20584","7886","3747","371475","5806040","147719","2","1","1","1","1","1","2","1","1","2","1","3","1","2","2","2","2","2","1","1"
"9288","6323098","151451","566103","1221476","18984642","15852","6064346","2629332","18995","40547","52627","159547","301731","248127","11983273","15992","804581","68904","1532027","2","1","1","1","2","3","4","1","2","4","1","4","2","4","4","4","1","2","4","1"
"424778","10672","1535704","215554","905487","383926","53029","1669496","337250","202664","5570621","676082","80903","711747","7335197","331124","164120","262482","142241","8135890","1","4","4","4","1","1","1","1","1","4","1","2","4","4","1","2","4","1","1","2"
"2150841","77880","153295","314563","337629","6844407","2796527","23035","936829","4643464","248095","763024","8485","62682","24041298","303225","19381538","63401","168540","419248","2","2","2","4","1","4","1","2","1","1","4","1","2","1","2","1","1","2","1","1"
"5792809","18984642","273484","32472","6944155","7079612","68131","219361","530567","14328","144171","113746","3793726","3773365","172313","26182584","493900","1653786","179331","5570621","3","2","1","1","4","1","4","1","1","1","4","2","1","1","1","1","2","1","4","1"
"864","346200","149243","7698038","599745","45380","79156","353535","27717","56439","23805","23725","623737","19376148","171268","223253","44059","212860","8099","3845","2","1","3","1","1","4","1","1","1","1","3","4","1","4","1","1","1","1","1","2"
"12153654","2150841","19394613","85406","159547","2146365","91084","675561","15622","11061022","146638","78262","6064346","22048328","22378444","73631","7176557","528673","534366","224484","2","2","2","2","1","1","2","1","1","1","1","2","1","2","4","1","1","1","2","1"
"534366","182997","16477368","623737","707815","420438","159547","104743","57187","446099","262376","1353497","240390","26182584","3270177","4408","22112821","352699","19672919","3591242","2","1","1","2","1","1","1","4","2","1","3","1","1","1","1","4","1","1","4","1"
"20455","9615288","342753","166911","534366","16894","345802","53029","460207","162870","19499","753300","16228","210318","7412236","926934","343134","26091","38459","14995351","2","2","1","1","2","3","2","2","4","2","2","4","1","1","2","2","1","2","2","2"
"6479315","212860","1181010","154247","534366","19661665","11955","2323727","173691","547384","143983","42068","538605","222417","2130104","495350","2825163","74326","18969800","18980847","2","2","1","1","2","1","2","1","1","3","1","2","1","1","3","1","1","1","1","1"
"4429395","14995351","1982061","20913924","8135890","16603","468318","23680998","12684530","54985","335195","3382","63747","1172503","690389","20796","741705","78781","13199916","625371","2","2","2","2","2","2","2","2","2","2","1","2","2","1","4","1","1","2","2","1"
"144936","9288","27611","231156","4601","899033","8135890","32817","980836","61404","18617829","25832","595","17837763","403293","104492","142056","23243880","198606","25169","2","2","3","3","2","1","1","2","1","2","3","1","2","1","1","2","2","4","1","2"
"42068","240390","149690","509997","66164","145532","665823","164120","53736","5570621","64965","149243","4637590","418625","6479315","17782843","240940","864","409842","416641","2","1","1","2","2","1","1","2","4","1","2","2","2","4","2","2","2","2","1","2"
"47643","148328","17130","1996436","1126578","16707","200750","1824993","8786","14995351","410484","24953","138483","278119","20647283","345802","7819615","757257","8135890","64372","2","2","4","2","1","2","2","1","2","2","2","2","2","2","1","2","2","3","2","1"
"54985","20913246","26683","162617","303225","142241","704723","44849","9288","71870","20584","2110323","2095762","148328","40547","16603","2095536","8239846","599983","208200","2","2","2","2","2","2","2","2","2","2","2","2","2","2","1","2","1","2","1","4"
"1806","39010","31341","6844407","399280","21026","23680998","400738","2844938","19831","27005455","32901","685906","38459","26091","30528002","144936","15852","591104","36753","2","2","2","2","1","1","2","2","2","2","2","2","1","2","1","2","2","2","1","1"
"9288","899033","7412236","1031515","20455","24041298","156126","53029","3830432","60070","8104201","23680998","419248","25832","4513237","8239846","22570683","154971","352699","12788962","2","1","2","2","2","2","2","2","4","2","2","2","4","2","4","2","2","2","1","1"
"6844407","301864","31341","44463","1353497","30519","1769827","534366","158889","42357","25571585","203421","4429395","3504698","2110323","6064346","483360","19084502","2844938","21131695","2","4","2","1","1","1","1","2","2","1","1","1","2","1","1","1","1","1","1","1"
"8135890","53242","16100029","376619","4471","704723","170146","3703446","44059","276348","14995351","18995","80646","623737","23680998","17917","13765","14596669","159381","144809","1","2","2","2","2","4","4","4","2","2","2","2","1","2","1","1","1","1","1","1"
"8135890","302167","412807","162617","476044","142510","219349","763024","3536351","5792809","707815","3504698","18120823","623737","18622157","2808834","386491","3414021","156126","158889","2","1","1","1","1","1","1","1","1","2","1","1","2","2","1","2","1","2","4","2"
"2172695","88923","2190438","1532027","14995351","39942","753300","219948","415175","73626","864","704723","102690","54764","19661665","690256","83688","5655","23680998","26954","1","2","1","2","2","4","1","1","3","1","1","4","4","4","4","1","1","1","2","1"
"4429395","248127","102685","22995","18717883","524577","19499","249897","968320","168540","13395562","2844938","5792809","29455","14279","169833","156126","534366","13717","331124","1","1","1","1","1","2","2","2","1","1","1","2","2","2","1","1","2","2","4","1"
"154698","8239846","3162905","24953","29490","13041163","39660","451281","566103","163282","20022961","225541","2110323","345792","44849","150996","9257001","101631","5422144","8786","2","2","1","2","1","2","4","1","1","4","2","1","2","1","2","2","1","1","2","1"
"12520860","11983070","19394613","6844407","2629332","69323","346200","45979","731111","212860","1762258","8490390","23680998","13736167","650426","6162301","149243","23805","5792809","171099","2","1","2","2","3","1","1","1","3","4","4","1","2","4","1","1","3","3","1","1"
"3747","414848","296256","71870","12153654","3591242","60328","39942","8083","2150841","23680998","621503","211518","4507822","68323","591104","276392","3841","534366","85406","1","2","1","2","2","1","1","2","1","1","2","1","1","1","4","1","1","1","2","2"
"71870","760163","1296564","9287211","80696","153295","26274410","534366","3382","21111","25832","154698","16707","2964059","1941155","4429395","12520860","704723","31460","168540","3","1","1","4","4","2","1","2","2","4","1","4","1","1","1","2","1","1","3","1"
"1491798","493900","54306","31341","13199916","1806","19084502","54174","45985","37275","4429395","17782843","1221476","14206625","14899333","4164817","113159","5422144","534366","5792809","1","1","1","4","2","1","1","1","1","1","4","2","2","1","1","1","1","2","2","2"
"2110323","47643","43373","16308","21566","42621","18938265","19394613","3270177","2991300","15003874","2150841","8490390","415175","30265","8394551","211518","52139","277011","14995351","2","1","1","1","1","4","1","2","2","1","4","2","2","2","1","2","1","2","4","2"
"23680998","8394247","168540","757257","1769827","1221476","42068","939583","534366","71870","331124","23805","9287211","154698","203421","27717","22570683","64673","704723","212860","2","1","4","4","1","4","1","3","2","4","1","4","1","2","1","1","1","2","2","1"
"17782843","173691","11983273","162617","319659","52711","4429395","19394613","171521","158879","179187","154698","7412236","19903","2777824","25169","25832","707815","26709","17173785","2","1","4","1","3","2","2","2","1","1","1","2","4","1","1","1","4","4","4","1"
"534366","42357","331124","650426","5729054","34071","89265","11217925","102690","52707","27834683","1873388","45218","4649","8135890","262376","16707","18995","249897","5052197","2","1","1","1","1","2","1","2","4","2","4","4","1","4","2","3","1","1","2","3"
"4429395","13331280","2575","621503","7412236","24041298","2777824","305473","2095762","3213059","241848","21247","85406","16705483","3092836","17450","44059","38301","64673","43568","2","4","1","2","2","2","1","1","2","1","1","3","2","2","3","4","4","4","4","2"
"9288","15263646","3414021","400738","508396","25493","16308","4408","6162301","159547","1116998","69323","60070","158889","276392","397810","509997","19672919","8135890","162617","2","1","4","2","1","1","1","1","1","1","1","4","1","2","1","1","1","1","2","1"
"6479315","43113","43373","12230","219349","19499","29455","162617","24041298","2110323","26182584","163416","52711","8135890","493129","162870","2184757","2150841","42357","52139","2","1","4","1","2","2","2","2","2","2","1","1","2","2","4","2","4","2","2","2"
"64673","4993996","5993647","343554","37275","2808834","168540","71870","60070","730831","20913924","54539","523032","222889","25571585","665823","43568","166777","83688","154698","2","1","2","3","1","2","2","2","1","1","1","2","2","1","2","1","2","1","2","2"
"7412236","21247","102685","2629332","13199916","43715","29455","20076","23680998","219349","265422","71870","37313","16121057","763860","6064346","240361","314475","12153654","171521","2","2","1","2","3","1","3","3","2","4","2","2","3","1","1","4","1","1","2","4"
"8955445","32817","258947","249897","12423551","7891","277451","40486","196338","20076","4014486","19394613","22048328","201949","650426","5422144","4429395","89265","13199916","19831","1","2","1","4","1","1","4","2","4","2","3","3","1","1","2","1","2","4","4","1"
"12520860","140308","198606","7412236","534366","16422","21504","3382","8322947","26581","4429395","2844938","27005455","89265","2798963","591104","19394613","6162301","460207","168540","1","1","1","2","2","4","1","1","1","1","1","2","2","1","1","1","4","1","1","1"
"623737","14995351","13199916","1824993","15326144","2110323","656593","7412236","157437","171521","255645","18642","6479315","183417","1792975","15252813","102690","18617829","3270177","5422144","2","2","4","1","2","4","1","2","1","1","1","1","2","1","1","4","1","1","1","2"
"2629332","42357","195306","20076","4471","162617","2323727","739547","2204744","7412236","6844407","2397","1656784","19376148","43568","9288","52711","102690","43373","23680998","3","1","1","2","1","1","1","2","2","2","2","4","1","2","2","2","2","2","3","2"
"6479315","6844407","7412236","524577","187807","399146","203421","163618","17173785","16705483","13041163","167805","690256","17181314","39660","14995351","1194370","178826","623737","20022961","2","2","2","1","4","1","4","1","1","2","2","4","1","4","3","2","1","1","2","2"
"14995351","39942","18617829","23035","52711","1061378","444645","939583","16477368","39660","12520860","42621","164390","18120823","171003","20076","38459","162870","24041298","15326144","2","2","1","2","2","1","1","2","2","3","2","3","1","3","1","2","3","2","2","1"
"12153654","76772","1806","2204744","5043192","353535","4429395","19394613","19376148","14995351","34226","154698","166959","6844407","876916","12788962","90095","11955","16175","44463","2","4","1","2","2","1","4","2","2","2","1","2","1","2","4","1","4","4","1","1"
"59600","12731","6844407","9288","6049880","52711","234756","66164","274539","19376148","2150841","400738","728776","4429395","3164979","8490390","23680998","46165","5792809","876916","1","1","2","1","2","2","2","2","4","2","2","2","2","2","4","1","2","1","1","1"
"3747","2323727","383899","93560","4014486","154698","262376","13331280","9288","296256","1769827","463533","1491798","42621","623737","356167","1996436","102994","23805","32817","1","1","1","2","1","2","2","1","2","1","1","1","1","4","2","1","4","1","4","2"
"8239846","8618","1030991","534366","17782843","1434568","88923","415175","1700594","274539","5052197","31501","62666","18622157","3504698","23680998","1142794","16477368","34016927","8135890","1","2","1","2","2","2","2","2","1","2","2","1","2","4","2","2","1","2","1","2"
"102994","23805","43568","54306","707815","415175","2150841","23680998","93759","24953","31501","4781788","331124","265030","82061","926934","20647767","42068","15852","8490390","1","4","1","1","1","3","2","2","1","1","1","1","1","1","1","2","1","2","1","2"
"42068","166959","242053","154698","327664","5792809","23680998","91084","20647283","2279619","149709","6844407","301775","26954","24095","38301","179331","17173785","21111","6064346","1","2","1","2","1","2","2","1","1","1","1","1","2","4","2","1","2","1","2","1"
"2150841","306401","939583","156126","144171","14995351","39879","37313","2110323","12684530","383926","6162301","19394613","43115","30029","153295","15852","459304","980836","7412236","2","1","2","2","1","2","1","1","2","1","1","1","2","1","1","4","4","1","1","2"
"144936","20913246","43356","154971","27848","4429395","379216","534366","14279","528673","217790","71870","665823","171268","2629332","23035","202664","246185","15852","7412236","2","2","2","4","1","1","1","2","2","1","1","2","1","4","2","4","4","4","2","2"
"42148","44059","53327","37313","690389","63747","213163","44849","105439","43568","23680998","43084","652402","891226","305487","17782843","192481","3841","1955932","97803","1","3","3","3","3","2","4","2","1","4","2","2","1","3","1","2","2","1","1","2"
"623737","162617","8239846","86665","33209238","5052197","170409","43223","3991193","43373","26531073","43084","252130","528673","160985","166777","400738","305561","17782843","146167","2","4","3","4","1","4","1","1","1","1","1","1","1","1","1","1","4","1","2","1"
"44849","332287","707815","204467","7352704","1084395","8979822","5792809","20076","144936","1769827","169408","142056","89265","146638","24953","215642","2190438","20949091","2318278","2","1","4","1","1","1","1","2","2","2","2","1","2","1","1","1","1","2","4","4"
"7412236","1031515","595","25530","63747","177840","730484","212187","493129","1838387","42104","42238","4429395","9195868","523032","71870","192481","20455","15135713","19672919","2","4","1","4","4","1","4","2","4","1","2","4","2","2","2","2","2","1","1","1"
"51799","7412236","26552","3747","352699","78834","327437","39660","29427669","222417","345802","90239","4429395","3354295","14995351","509997","13199916","4540726","156093","343554","1","2","1","1","1","1","1","1","1","1","1","1","2","1","2","1","2","1","1","2"
"8239846","412023","1439517","4429395","534366","147687","104492","415045","5792809","2647835","212686","240940","1031515","20913246","343560","14995351","414848","163893","164120","707815","1","4","2","2","2","1","1","1","2","3","1","3","4","4","1","2","1","1","4","1"
"19008577","534366","177854","159547","20455","25808","42148","42357","13199916","15326144","240940","26909","48874","6803715","551643","1221476","5132","523032","17450","59720","1","2","1","4","1","1","1","1","2","2","1","1","1","1","4","2","4","3","1","4"
"534366","17782843","162870","144936","88923","303225","508717","168540","31341","8135890","158448","6967012","144829","159625","21131695","18589061","16095","5052197","599745","192481","2","1","1","2","2","1","1","1","1","2","1","1","1","1","1","1","2","4","1","2"
"71870","375502","12788962","102994","324168","262376","731111","23680998","17782843","8135890","310301","26033941","17450","308851","303225","24953","14995351","1828","154698","23725","3","1","1","4","1","2","3","2","2","2","1","1","1","4","1","1","2","1","2","1"
"17782843","158889","262376","4429395","16175","1828","2190438","39879","102685","5792809","154698","208160","1512539","20913302","30278","15852","63132","23680998","12520860","22995","2","2","3","2","2","1","4","4","2","2","2","1","2","2","1","2","2","2","2","4"
"14995351","319659","15766","149243","278119","555483","23805","228998","21566","345802","400738","71870","2944","29455","2110323","2588300","1532027","61020","2777824","5422144","2","1","2","2","2","1","2","1","1","2","2","2","1","2","2","4","1","4","1","1"
"12520860","8135890","476044","8490390","8239846","666910","652402","71870","144936","493900","156126","163038","39942","3747","17173785","6844407","728776","14596669","12153654","64673","2","2","4","2","3","3","4","3","2","4","2","1","2","2","4","2","2","1","2","3"
"52139","71870","182997","2796527","21222062","1769827","331124","17173785","80335","44219","2204744","72671","6050453","378093","19614294","21504","1554192","5655","54539","153956","2","2","1","1","1","1","3","1","4","2","2","2","2","1","2","4","2","1","2","2"
"23680998","537682","14995351","71870","2265561","158448","12153654","90095","8135890","44849","204467","7412236","31501","14279","534366","20796","3793726","16175","40547","255405","2","1","2","2","2","4","2","2","2","2","4","2","3","2","2","1","4","2","1","1"
"623737","78468","1656784","1181010","19499","71870","9288","2110323","3356","61982","30528002","46165","363163","4998554","377205","276392","220160","154698","4014486","14995351","2","1","1","4","2","2","2","2","2","1","2","1","1","1","4","1","3","3","1","2"
"42068","4429395","68904","1955932","171045","58719","19376148","34016927","13717","17782843","2110323","3747","1084395","5792809","69323","21111","23805","3356","280636","71870","2","2","1","4","2","2","2","4","2","2","2","1","1","2","2","2","3","2","1","2"
"4429395","21247","213163","892372","31341","93759","17782843","26940","16308","8269381","19043935","1054604","522014","71870","31460","12153654","1017","660446","5132","42104","2","3","1","2","1","1","2","1","1","1","1","1","1","2","3","2","4","1","1","2"
"102994","534366","23243880","4429395","20437813","876916","20455","150056","2278804","20076","217790","8239846","8900348","296256","415175","61797","409842","623737","23680998","42621","3","2","1","2","2","2","2","2","4","4","2","2","2","2","2","1","1","2","2","3"
"623737","113746","71870","876916","735479","14995351","704723","723489","26709","4014486","1783180","19222532","16422","347480","6064346","39027","2991300","19394613","262260","52707","2","1","4","1","1","3","4","3","1","1","1","3","1","1","1","1","1","4","1","1"
"2110323","447541","8239846","158595","20022961","446099","38459","37313","4513237","2150841","165507","25169","32901","5806040","13736167","162617","5792809","15852","61982","5132","2","1","2","4","1","1","3","2","4","2","2","2","2","1","2","3","4","2","4","4"
"43373","356167","21026","1229883","64182","37313","804581","345802","34289","890","405704","61404","17782843","265586","363163","71870","147995","6944155","44059","1296564","4","1","4","1","4","4","2","4","1","1","4","4","2","4","4","2","4","4","1","4"
"14995351","739547","168540","6944155","7412236","493900","2629332","60192","728776","18622157","64182","886579","170779","878666","6479315","1563002","16899","335195","278119","16095","2","2","2","3","2","1","2","2","2","1","3","3","2","4","2","2","1","1","2","1"
"7412236","4429395","879015","29490","219358","5245920","1084540","54306","17782843","61404","426208","5792809","68322","460349","25169","2179398","192481","100405","63747","6844407","2","2","1","1","1","4","1","1","2","1","1","2","4","1","1","1","4","1","1","2"
"415045","4637590","42068","301775","19831","83688","17782843","44059","83312","6844407","18717883","704723","162870","331124","262376","154698","8618","2289856","1354745","61020","4","1","2","4","1","2","2","4","1","2","4","4","2","1","4","3","2","4","4","1"
"31341","524577","377205","345792","98607","936829","14995351","217790","149561","665823","17782843","4429395","16121057","3793726","2169603","8239846","30278","1297124","876916","58586","2","1","1","4","1","4","2","1","1","4","3","2","1","1","1","2","1","4","1","1"
"71870","400738","331124","39660","20118104","42620","11857","278119","939583","276433","150056","364813","227696","168540","3830432","97778","159351","7891","9195868","147726","2","2","4","3","2","1","1","1","2","1","4","1","1","4","1","1","1","1","2","1"
"20584","37313","3747","78781","16175","616575","38828","16705483","707815","23680998","345792","69323","21111","152447","804581","163618","509997","1327710","365964","363856","4","1","1","1","2","1","1","2","4","2","1","2","2","1","2","1","4","4","1","1"
"8135890","523032","19394613","71870","7412236","8083","444645","24041298","58719","25832","38301","230698","331124","43113","67404","3741746","21501511","19661665","164120","16991","2","3","2","2","2","4","1","2","1","4","1","1","4","1","4","3","4","1","1","1"
"14995351","142809","49650","145584","171606","22570683","3414021","74326","25428","100692","244932","53494","88923","261035","60328","2629332","276433","208580","262482","306478","2","1","4","1","1","2","2","1","1","1","4","1","2","4","1","3","1","1","1","1"
"415045","1031258","5132","534366","2095762","154247","9288","152680","63747","296388","48874","149243","3747","665823","23680998","142510","76772","158889","19394613","20913302","2","4","4","2","2","1","2","1","2","1","1","2","3","1","2","3","1","3","2","4"
"37313","34071","16095","235323","1126578","64182","57187","2318278","19394613","8300","2110323","165507","1031515","1882517","27005455","21132373","1806","615995","936829","707815","1","2","2","1","1","2","2","1","4","4","2","2","1","2","2","1","2","1","1","1"
"23680998","1221476","749247","61404","78239","534366","20650188","10576","148341","38459","86665","80903","71870","42620","8135890","20455","203407","52711","53242","445390","2","2","1","1","1","2","4","1","2","1","2","4","2","2","1","4","2","2","4","1"
"19831","2844938","34350","105389","1024181","534366","24041298","16477368","20913246","5422144","6844407","594667","2941511","67404","939583","2629332","879015","5052197","760163","1783180","1","1","1","1","1","2","2","2","4","2","4","1","1","1","2","4","1","4","4","1"
"4429395","534366","5792809","365193","495350","16095","8786","157487","169602","16707","1713217","8135890","71870","660446","45218","20455","8394247","16844","4311446","162617","2","2","4","1","1","1","4","1","1","4","1","2","2","1","1","4","4","1","1","4"
"44849","57570","8135890","23292229","45979","6479315","71870","629851","1116998","739547","2397","165507","17782843","168540","936829","12153654","534636","14995351","700310","213163","4","1","2","1","4","2","4","1","1","4","1","2","2","2","2","1","1","2","1","1"
"2150841","19222532","154247","16175","6824","21491340","276348","17837763","551643","365193","20022961","299734","690389","148784","168540","24953","10567534","1769827","598363","171593","2","1","1","2","1","1","1","1","1","1","2","1","1","1","3","1","1","4","1","1"
"15852","200750","8401973","9288","22570683","534366","163893","939583","59720","8394551","43373","6050453","1806","21194008","31501","2844938","23680998","7886","11983273","8239846","3","1","1","2","2","2","4","2","1","4","1","1","4","4","1","3","2","1","1","4"
"2150841","364813","27717","71870","299717","17782843","147995","154698","6479315","8135890","19672919","4429395","1806","3741746","2925581","14995351","60070","327317","18617829","39942","1","1","1","2","1","2","1","2","2","2","1","2","1","2","4","2","1","4","1","2"
"12153654","203407","22570683","400738","53494","707815","63741","262260","9288","162870","623737","44849","21188633","53242","2318278","159547","37313","25695","56386","3747","2","2","2","2","1","2","1","4","2","2","2","2","4","3","4","4","1","1","1","4"
"2274234","43568","3414021","16477368","38459","19376148","24518","147873","5040937","25571585","14670286","4764846","17782843","20218","93560","34350","20913246","154695","2629332","1563002","1","2","2","2","2","2","1","4","1","2","2","2","2","1","2","2","2","2","3","2"
"2964059","1235335","11217925","26531073","274539","102685","2150841","303225","2941511","6824","331124","643710","416641","165507","4429395","6803715","7412236","6844407","18120823","39942","1","1","4","1","4","4","2","1","1","1","1","1","1","2","2","2","2","2","3","2"
"14995351","2110323","12684530","4637590","71870","20395872","27848","37313","159473","756433","319659","7412236","23805","215566","9287211","215554","26941","274539","33209238","739547","2","2","2","4","2","2","1","4","1","2","2","2","4","2","2","2","1","2","2","1"
"71870","23300","19043935","5655","147368","203407","3382","70938","4539602","14995351","7412236","24041298","62666","178826","162870","20110751","3741746","31460","17782843","4429395","2","4","3","1","1","2","2","1","4","2","2","2","4","1","2","1","2","2","2","2"
"44849","8135890","252130","623737","650426","5792809","23680998","147311","39660","1003976","146167","365175","147367","335017","14995351","936829","72671","589725","534366","926934","4","2","1","2","1","4","2","1","4","1","1","1","1","1","1","1","3","1","2","1"
"27834683","154099","23680998","1091334","741705","83688","167595","102096","665823","3356","13199916","60143","31341","30519","6967012","2150841","7698038","153295","14670286","1434568","1","1","2","1","4","2","1","1","1","4","4","1","1","1","1","3","1","2","1","4"
"19394613","276433","171528","44849","4429395","244910","2265561","149243","203421","1221476","2687269","23680998","48422","274539","5792809","211518","276341","166959","345792","8239846","2","1","1","3","2","4","2","2","4","4","1","2","1","3","2","1","1","4","1","2"
"144936","1353497","379216","20913246","274539","2575","214233","20762","14995351","616622","149690","3382","162870","12300","52707","278119","26954","153557","2110323","24095","1","1","1","1","1","1","1","1","2","1","1","4","4","1","4","1","1","1","2","3"
"534366","274539","25763370","415175","170977","262376","109275","72671","20796","27717","5132","599745","69930","166777","203407","16228","30029","217790","14995351","330395","2","3","1","2","4","2","1","2","1","1","1","2","1","1","1","1","1","1","2","1"
"623737","19672919","3830432","34016927","507433","25695","900572","3747","223253","276392","2110323","965935","9288","12520860","16705483","64965","154183","14995351","3092","1806","2","1","4","1","2","4","1","2","4","1","2","1","2","2","4","1","1","2","4","2"
"19394613","8239846","71870","26940","150091","1353497","1020882","2629332","6844407","2546319","42621","46165","2190438","11983070","53029","154228","6162301","20455","23680998","3747","4","1","4","1","1","1","2","2","3","1","4","1","4","4","1","1","1","1","2","2"
"154698","180487","12520860","93560","2073557","871281","52724","71870","1532027","210318","19831","2162222","199445","163272","2844938","165567","939583","1672146","79505","149243","2","4","2","2","1","4","1","2","4","1","4","4","4","1","2","4","2","2","4","2"
"12153654","557007","518988","916099","3830432","4408","154247","64673","68378","5013777","11983273","4429395","316201","427018","650426","372898","14995351","8490390","16707","83688","2","4","4","1","1","1","1","1","1","1","1","4","1","1","1","1","2","1","1","2"
"37313","2110323","2150841","25695","507433","728776","78747","8099","27005455","19043935","38301","14995351","23005","39027","62666","400738","159547","7412236","39660","10049","1","2","2","2","1","1","1","1","2","1","2","2","1","2","1","4","1","2","1","1"
"37313","1806","168335","345792","2397","19084502","50960","158889","4987149","16477368","102690","21004811","2095762","156126","402850","604244","168540","80646","20455","88923","4","2","1","1","4","4","1","4","1","2","4","1","4","1","1","4","4","1","4","4"
"534366","399703","16705483","551643","14995351","1817766","23680998","19903","2647835","28753159","16175","147311","15852","240940","5422144","16707","19376148","17782843","20396","104743","2","1","2","1","2","2","2","1","4","2","2","1","2","2","2","4","2","2","4","1"
"23680998","4429395","11983273","5422144","14995351","1982061","39879","494770","18958666","8135890","7412236","165567","16477368","12153654","728776","15967","3747","749247","551643","220160","2","2","1","2","2","2","1","1","1","2","2","1","2","2","2","1","2","1","1","2"
"4429395","17443","18617682","61404","24041298","4629012","27611","53536","27717","303892","3414021","704723","2190438","4148655","274539","26182584","89265","17450","3741746","150996","2","1","1","1","2","1","1","1","4","2","2","4","2","4","2","1","1","1","3","1"
"2150841","171528","24424228","22570683","303951","93560","481634","19661665","595","90095","65145","352699","14995351","468318","400595","79505","2095536","5792809","564099","8485","4","1","1","4","1","1","1","1","1","4","4","2","2","1","1","1","1","1","1","1"
"144936","7412236","8135890","20762","424778","42357","18969800","42104","102690","17173785","3356","9288","45979","355502","19257393","159599","178326","3741746","214210","14995351","1","2","4","1","1","1","1","1","1","1","2","2","2","1","1","1","1","1","1","2"
"19394613","707815","299717","604244","6844407","864","13736167","158595","399397","534366","277721","170977","31341","23680998","1434568","144040","24041298","21131695","18713516","159351","2","4","3","3","2","1","2","3","1","2","1","1","1","2","4","1","4","2","1","1"
"31341","42621","168540","6479315","4429395","309161","256406","405704","175431","27005455","739547","83688","101631","31460","57570","12684530","144829","704723","240361","68378","1","4","1","2","1","1","1","1","1","2","1","2","1","1","1","2","1","1","1","1"
"52139","20437813","10953971","88923","22112821","104940","1996436","11217925","68323","5570621","60070","512243","244932","162870","166959","23680998","34071","212860","64966","345792","2","2","1","2","1","2","4","1","1","1","1","1","2","2","2","2","4","1","1","1"
"10672","32901","804602","2110323","4429395","8135890","52724","2121780","11983070","1054604","147367","415175","17782843","20913924","182532","25867","32817","4637590","9288","153557","1","1","1","2","2","3","1","1","1","1","1","1","2","1","2","1","2","1","2","1"
"6479315","1886352","685663","19376148","26496842","2146365","61404","16477368","242053","3747","147726","166959","23805","5901324","21111","83688","21504","7412236","1957097","342753","4","1","1","2","1","1","1","2","1","2","4","2","2","3","2","2","2","4","1","4"
"1181010","596566","154099","36819","3830432","508396","6844407","3793726","16603","262376","534366","45964","54306","165567","17173785","144829","20076","6479315","16175","71870","1","1","3","1","4","2","2","1","2","2","2","1","2","1","3","1","2","2","2","2"
"42357","760163","180487","150056","2110323","4429395","53029","19661665","3747","22570683","78262","3414021","211233","18622157","9287211","5792809","153295","623737","277463","1806","4","1","1","1","2","1","1","1","3","4","1","2","1","1","2","3","2","2","1","3"
"15852","534366","153557","3741746","68323","17450","3538069","31501","1955932","8786","20076","3382","71870","12731","7412236","3002912","25571585","97803","2150841","79982","2","2","4","2","2","2","1","2","4","2","2","2","2","2","2","2","2","1","2","4"
"23805","20913924","130715","6479315","154698","149243","306478","623737","6844407","2844938","8091","147311","220160","20913302","5609464","402784","240611","20396","53029","16705483","1","1","1","1","2","2","1","4","2","2","1","1","1","1","1","1","1","4","1","1"
"15308","426208","20396","24095","3773365","2110323","53242","14995351","144936","16477368","534366","6479315","17173785","42069","18642","7412236","6944155","8135890","2844938","23680998","1","1","1","2","1","2","3","2","3","2","2","3","1","1","1","2","1","2","2","2"
"12153654","162617","534366","278119","23805","144809","38301","757257","23680998","302167","166777","59533","16789908","38253","8135890","31501","6844407","4429395","162870","2186951","1","1","2","1","4","1","1","1","3","1","1","1","2","1","2","1","1","4","3","1"
"42068","23680998","11786","400738","69323","24041298","39010","325191","53242","294260","240611","983010","3382","6844407","383899","20022961","9615288","6050453","142548","385653","1","2","1","2","2","2","1","2","2","2","1","1","2","2","1","3","2","1","4","4"
"1806","19376148","3504698","69323","623737","147672","42621","7445618","219361","217790","508396","20796","17618","162617","763860","147311","23006","23680998","20913924","1221476","2","4","1","2","2","1","2","1","1","1","4","1","1","4","1","1","2","2","1","4"
"2110323","5422144","8135890","6844407","52263","53029","163893","192481","200563","303225","1806","1054604","745856","31460","8490390","157487","10049","604244","200053","8955445","2","2","2","2","1","1","1","2","1","1","4","1","1","4","2","1","1","3","1","1"
"31341","534366","168715","83688","1769827","168540","4637590","68904","17782843","6844407","20647767","277451","23680998","16175","403293","192481","23292229","530936","385653","20118104","2","2","1","2","2","2","1","1","2","2","1","1","2","2","1","2","1","1","1","1"
"4429395","17173785","61404","325191","7412236","18617682","20913246","12520860","14995351","19903","343554","723489","201840","652402","71870","154698","23035","1769827","147311","9288","2","3","2","2","2","1","4","1","2","1","1","4","2","1","3","2","3","4","4","2"
"6479315","71870","16422","6844407","23680998","17782843","180487","70938","2629332","277721","16384","5570621","400738","42068","623737","149243","14995351","51799","415405","551483","3","2","4","2","2","2","1","1","2","1","1","4","2","4","2","2","2","1","1","1"
"8239846","19043935","31501","44569","80696","8135890","71870","27834683","14995351","19376148","2629332","58848","6479315","426208","276348","276890","44849","144848","2437065","23805","2","1","4","1","2","2","3","2","2","2","4","1","2","2","1","2","2","1","2","2"
"14995351","899215","534366","19831","7412236","2662543","275443","8900348","2110323","523032","28753159","399397","345802","2629332","192481","105022","15326144","31501","20022961","158889","2","4","2","1","2","1","4","4","2","2","2","1","4","2","2","1","4","1","3","2"
"12520860","24953","203421","19394613","980836","18366271","916099","38459","240940","71870","15852","159599","24231931","4429395","83688","276348","1231268","7445618","37275","77390","2","1","4","2","1","2","1","4","2","2","1","4","4","2","2","1","1","1","4","1"
"2150841","19394613","63747","25390847","80335","14536815","235312","19499","385653","58972","8979822","12684530","168540","20913246","102690","939583","29455","184136","596566","20312","1","2","1","1","4","1","4","1","1","1","1","2","1","3","3","2","3","1","4","4"
"44849","6844407","352699","20395872","64673","2629332","12520860","4484462","2095762","265586","1221476","19376148","14995351","8135890","195086","184860","2150841","2188443","420438","247468","2","2","1","2","4","2","3","1","1","2","2","2","2","2","1","1","4","4","2","1"
"22048328","741705","249897","27640410","1172821","56439","1512539","16477368","43997","16707","64182","551898","882558","6844407","71870","61404","3356","9288","22995","19394613","1","4","3","4","1","1","2","2","4","3","2","4","1","2","2","2","2","2","1","2"
"6844407","4429395","235959","14536815","12153654","294260","34016927","31341","303225","403293","753300","23680998","22570683","2110323","891226","16705483","916099","5792809","175946","7891","2","2","1","4","2","3","1","2","1","1","4","2","2","2","2","2","1","2","1","1"
"6844407","31341","276433","2629332","26940","13736167","161466","249897","324427","255645","9287211","27717","306460","22570683","274539","15852","37313","21486951","144171","296256","2","2","4","2","3","1","1","4","1","1","4","1","1","2","2","1","1","1","1","1"
"3747","2808834","14995351","623737","534366","13736167","6951166","25390847","25695","163272","158287","32817","208160","6844407","21247","405704","45218","31341","14457","16095","1","4","2","2","2","1","1","1","4","1","1","2","1","2","1","1","1","1","2","1"
"52139","50908","102096","864","2629332","29427669","102994","20979","6050453","19499","3002912","413257","14084208","21194008","71870","2150841","6803715","14995351","159966","8135890","2","1","1","2","2","2","1","1","1","2","1","1","1","1","2","2","2","2","1","2"
"6844407","22378444","8716","16603","60070","534366","16705483","8485","628232","8099","183387","1769827","650426","44849","4408","71870","52139","29490","5792809","16707","2","2","1","2","1","2","2","2","2","2","1","4","2","2","1","2","1","2","2","2"
"154698","2808834","28753159","162617","82061","2188443","105022","204352","5993647","53494","12153654","262376","651006","2964059","71870","4764846","20584","85406","20647767","153557","2","2","4","1","4","1","1","4","1","1","3","4","1","1","4","1","1","1","4","1"
"37313","21504","151210","1982061","448832","20076","4637590","5052197","42068","11217925","29490","1297124","9287211","1535727","68904","315777","1353497","508396","400738","2424743","2","2","1","2","4","2","2","2","2","2","1","1","2","1","1","1","2","2","2","1"
"144936","1792975","3382","17173785","53029","15622","29455","1806","14995351","325191","2575","6844407","5792809","2539269","38828","20076","1297124","8135890","68378","524577","2","1","2","1","1","1","4","1","2","1","1","2","2","1","1","2","1","2","4","1"
"42068","64673","23006","5422144","5792809","262376","187807","9288","1091334","53494","236613","10672","17782843","19394613","277721","168540","2146365","2798963","534366","148328","1","1","1","2","2","2","1","4","1","1","2","1","2","2","1","2","4","1","2","4"
"5792809","800594","13076","21131695","192481","20596343","8135890","7176557","8490390","161466","22570683","303225","6844407","177840","162870","1806","20455","523032","26940","6803715","4","1","1","2","2","1","2","1","1","4","2","3","4","1","3","2","1","2","4","4"
"6844407","555623","71870","8490390","15852","14995351","15622","40676","7999675","8135890","44219","24424228","4764846","916099","144936","649484","17173785","23680998","17782843","276348","2","2","4","4","4","2","4","1","2","2","2","4","2","4","2","1","1","2","3","1"
"52139","15992","244932","158448","45967","11061022","1563002","27611","21247","14279","42357","2798963","55964","169602","20076","16027","15587","2808834","30029","20455","4","1","1","4","1","4","4","1","2","1","1","1","1","2","4","4","1","4","1","1"
"23805","16175","146638","5422144","16477368","159370","189930","9726633","462070","1353497","33209238","11538573","1303679","26940","24041298","20913924","208160","1792975","745856","276348","1","2","1","2","2","4","1","4","1","1","2","4","4","1","2","3","1","4","4","1"
"52711","23680998","5422144","149243","20647359","255645","24041298","623737","72336","8135890","1086479","59533","42069","15890","21377045","4148655","3002912","20647283","306724","1031515","2","2","2","2","1","1","2","2","1","2","1","1","1","1","1","4","2","2","1","4"
"7352704","165507","5013777","1600453","23005","9726633","5422144","34071","15852","3382","71870","8397","45985","16152986","17173785","277721","6479315","15992","10672","21222169","1","1","1","1","1","1","2","1","2","4","2","1","1","1","1","1","4","4","1","1"
"44463","21247","6162301","156126","180306","345792","4429395","16245","595323","101393","86665","60903","24041298","19394613","604244","71870","3504698","534366","2095762","426381","1","2","1","1","1","1","1","1","1","1","1","1","1","2","1","1","1","2","1","1"
"15852","20913246","365352","4429395","147311","1030991","71870","169602","939583","1229883","153295","20865738","2575","14995351","26182584","57187","20979","5792809","508717","31501","2","2","4","1","1","1","2","2","2","1","2","1","1","2","1","4","1","2","1","1"
"19831","158287","5007334","25571585","4429395","192481","11955","3504698","13331280","383899","523032","18717883","169602","14995351","29331348","8083","25832","16894","13736167","63321","4","1","4","4","2","2","2","4","1","1","3","1","4","2","2","3","4","1","4","1"
"8135890","44463","17782843","340254","1579814","2110323","240940","101631","623737","525755","221259","711747","4513237","1233754","63401","20949091","168540","144936","1713217","173825","2","1","2","1","4","2","3","1","2","4","4","4","3","1","4","1","1","2","2","4"
"1806","52627","23680998","19376148","31341","330395","69323","2944","43373","679409","64966","42357","27005455","27848","66164","29490","22835550","804581","731111","54539","1","1","2","1","4","1","2","1","1","1","4","1","2","1","1","4","1","2","3","4"
"17782843","16705483","379216","16308","4540726","68131","52139","23680998","1439517","3092836","6479315","19903","22055","42148","43373","69323","623737","37313","685663","2110323","2","2","1","1","1","4","3","2","1","1","2","1","1","4","1","2","2","1","1","2"
"140308","299717","164910","17782843","623737","3356","43373","711747","8900348","163038","172395","142540","383899","16384","5122699","7412236","26940","159599","23805","6933101","2","1","2","2","2","2","2","1","1","2","1","2","2","4","1","2","2","2","2","1"
"9288","15852","52139","88923","557007","728776","2150841","199158","8269381","15308","16245","32817","199445","18366271","4429395","21491340","571725","11983273","19084502","83688","2","2","1","2","1","4","4","4","4","3","2","2","2","3","2","4","1","1","4","3"
"1783180","4764846","105407","6844407","31460","356167","704723","22965242","229198","18717883","14995351","1873388","19499","6873934","4014486","9195868","15252813","2397","83688","26940","1","1","2","2","2","1","1","1","4","4","2","1","2","1","1","2","2","3","2","4"
"14995351","49650","23347","21222169","83688","763860","15852","15622","21247","21491340","1769827","29331348","804581","302167","235916","2150841","3793726","2278804","483360","728776","2","1","1","1","2","1","2","4","1","1","2","4","4","1","4","1","1","1","4","4"
"7352704","192481","23680998","534366","158448","14995351","8135890","804581","508396","50745","165507","22570683","19361","12153654","217790","365352","43373","1769827","2204744","414848","1","4","2","2","1","2","2","2","2","4","2","2","4","2","1","3","4","4","2","1"
"31341","42068","3504698","331124","235888","4408","8485","100692","704723","615995","74461","10049","37313","83688","42104","8083","20913302","26954","4637590","5792809","3","2","2","1","1","1","2","4","2","1","1","1","1","2","3","4","4","4","1","2"
"1491798","23680998","22570683","23278520","2110323","864","14995351","6064346","45964","247468","16175","8239846","31460","11983273","2150841","101631","158889","8135890","68904","19394613","2","2","2","1","2","4","2","4","1","3","4","2","2","1","2","1","2","2","4","4"
"42357","1783180","22570683","167790","17782843","424778","530936","142510","3504698","400738","21491340","1769827","5792809","936829","71870","18995","4429395","939583","183124","519437","2","2","2","3","2","1","1","4","2","2","4","2","2","4","2","2","2","2","1","1"
"1873388","1024181","5792809","623737","148328","690389","31341","149243","2110323","200053","547384","4429395","105439","1700594","277011","412807","17173785","13199916","42068","40676","4","1","2","4","4","1","2","2","2","1","1","2","1","1","4","4","1","2","2","1"
"335017","42620","302167","60070","29056942","100405","745856","4429395","54174","2289856","16095","8135890","537682","10277","20913924","1535727","420438","277721","80482","231156","4","1","1","2","3","1","4","2","2","4","4","2","1","1","2","4","4","1","2","4"
"42068","453244","929522","71870","18717883","1181010","164579","1084540","302167","23680998","14995351","8485","2150841","4637590","72336","17782843","255405","3002912","303225","170459","3","1","1","2","1","1","1","1","1","2","2","4","2","1","1","2","1","1","1","1"
"8239846","22048328","1579814","383899","12520860","16707","148328","757257","15135713","448832","8394247","8135890","14995351","723489","11983070","20650188","39660","543675","4764846","149243","2","1","2","4","1","1","3","1","1","1","1","4","2","4","4","1","4","1","2","2"
"18707123","2397","13736167","23006","17782843","42238","25169","331124","3356","623737","14995351","68904","16707","53736","19376148","19903","277693","154698","1690486","530936","4","1","3","3","2","1","1","1","4","2","2","1","4","1","1","1","1","2","1","1"
"7412236","83688","534366","23292229","12731","25493","8618","19394613","2844938","195086","303089","16705483","4429395","296256","8401973","524577","40486","13951035","2150841","192481","2","2","2","1","1","1","2","2","2","1","1","2","2","1","4","1","1","1","2","4"
"9288","7412236","16991","71870","345792","26496842","19043935","12153654","17917","534366","6944155","14995351","16768","27611","26909","11240679","2808834","44219","430144","147873","2","2","2","2","1","1","2","2","1","2","1","2","1","1","2","1","2","1","1","1"
"42068","154695","62682","43997","21247","166777","399703","10672","34350","19672919","220160","61998","76772","21683","144936","711747","274539","144171","30528002","523032","2","1","1","4","2","1","1","1","1","4","1","1","2","1","2","3","2","2","2","2"
"52139","66164","67992","4429395","19831","2629332","8135890","206705","2204744","14995351","102690","16707","27717","78262","16175","27005455","8485","163892","142056","162864","1","1","1","1","1","1","1","1","2","2","1","1","1","3","1","1","3","1","3","1"
"5792809","345802","679409","7176557","25390847","29331348","6479315","2941511","763860","80335","43356","1476899","665823","212860","12520860","427018","178326","222165","916099","20076","2","4","1","1","1","2","2","1","4","2","1","1","1","4","2","1","2","1","1","2"
"19394613","34071","20913302","1982061","25867","213163","426208","48874","5122699","31341","180487","37313","24041298","72336","3703446","1713217","3747","63747","3382","534366","2","4","4","2","1","2","2","2","1","1","4","2","2","1","1","1","2","2","2","2"
